{
  "Name": "MegaUltraCreativeStudio",
  "Version": "1.0.0.0",
  "Publisher": "MEGA ULTRA SYSTEMS",
  "BuildDate": "2024-12-28 15:30:00",
  "Description": "AI-Powered Creative Studio and App Generator",
  "Features": [
    "Creative Studio - Logo and banner generation",
    "App Generator - Complete application creation",
    "System Tools - Performance monitoring",
    "Multi-format export (PNG, SVG, WEBP, PDF)",
    "Real-time AI generation",
    "Microsoft Store compatible"
  ],
  "Requirements": {
    "OS": "Windows 10/11 x64",
    "Python": "3.8+",
    "RAM": "4GB minimum, 8GB recommended",
    "Storage": "500MB"
  },
  "Status": "Ready for Microsoft Store deployment"
}